,product,title,rating,body
0,"SPIDERCASE [3 IN 1] Designed for iPhone 13 Pro Max Case, [Crystal Clear Not Yellowing][with 2 Pcs Tempered Glass Screen Protectors &amp; 2 Pcs Camera Lens Protectors] Slim Thin Case-Clear",Love this case!,5.0,"I really like this case...better than I thought I would. I ordered the clear glitter and my husband got the plain clear.  He said he wishes he got the glitter because it makes the back of the phone look really cool.  Each case came with 2 screen protectors and 2 sets of camera protectors (which are also glitter and very glam). My husband said that the screen protectors are blue light blockers too, I didn't even realize that when I bought them.  I have always been hesitant to purchase a plastic case, but this case is different.  It feels rubbery around the edges. We have Iphone 13 pro max and the cases fit perfectly! For those of you who think it doesn't fit, you got to put a little effort into it, it is supposed to be snug.  I highly recommend these cases!!"
1,"SPIDERCASE [3 IN 1] Designed for iPhone 13 Pro Max Case, [Crystal Clear Not Yellowing][with 2 Pcs Tempered Glass Screen Protectors &amp; 2 Pcs Camera Lens Protectors] Slim Thin Case-Clear",‚Ä¶,5.0,"I was truly happy with my purchase. The case is great, you get a 2 screen protectors and you get a 2 small protectors for your camera. The case fits perfectly and the screen protector has worked great. My only complaint is that I‚Äôve had this for about 2 weeks and the case for my camera has broken. I haven‚Äôt dropped my phone. It hasn‚Äôt been hit on anything and I was surprised to see that my camera case was broken. So now I‚Äôm using the second camera case and currently searching for a new case."
2,"SPIDERCASE [3 IN 1] Designed for iPhone 13 Pro Max Case, [Crystal Clear Not Yellowing][with 2 Pcs Tempered Glass Screen Protectors &amp; 2 Pcs Camera Lens Protectors] Slim Thin Case-Clear",Perfect fit,5.0,"This fit my iPhone 13pro max perfectly. The screen protector fit the screen entirely but leaves just the right amount of space for the case to go on and fit snugly on the phone with out interfering with the screen and vise versa. The camera lens protector is a think protector that fits the shape of the camera lens group and does not interfere with the cameras, even when zoomed all the way out for ultra wide angle. A previous phone and previous case gave me that problem. The lens protector, although thick, does not stick out past the case, everything fits very well together.No info on longevity or durability yet, but I have confidence this will work well for me."
3,"SPIDERCASE [3 IN 1] Designed for iPhone 13 Pro Max Case, [Crystal Clear Not Yellowing][with 2 Pcs Tempered Glass Screen Protectors &amp; 2 Pcs Camera Lens Protectors] Slim Thin Case-Clear",It‚Äôs worth your money!! Glitter Case - 2 screen protector- Camera Lens ! Definitely a steal!!,5.0,The media could not be loaded.
4,"SPIDERCASE [3 IN 1] Designed for iPhone 13 Pro Max Case, [Crystal Clear Not Yellowing][with 2 Pcs Tempered Glass Screen Protectors &amp; 2 Pcs Camera Lens Protectors] Slim Thin Case-Clear","Nice combo, screen/camera protectors and the phone case!",5.0,"I like that the screen protector fits nicely inside the case, it covers the entire lit part of the screen, and also covers the notch right up to the ear piece speaker. Very cool! My daughter managed to crack the screen protector within two weeks of installation and the camera protector shortly thereafter, better the protectors than the actual iPhone hardware!"
5,"SPIDERCASE [3 IN 1] Designed for iPhone 13 Pro Max Case, [Crystal Clear Not Yellowing][with 2 Pcs Tempered Glass Screen Protectors &amp; 2 Pcs Camera Lens Protectors] Slim Thin Case-Clear",Worth the money,5.0,"It‚Äôs pretty sturdy. I‚Äôve already dropped my phone twice and not scratch or dent on my phone. Lol. It stays pretty snug on the phone so it‚Äôs a bit hard to take off if ever needed, but that‚Äôs one of the features I love about it. It‚Äôs not flimsy. The camera protector that also comes with it is amazing too. It doesn‚Äôt obstruct it in any way and the pictures come out as clear as ever. The screen protector is really easy to put on. IMO, it‚Äôs worth the money."
6,"SPIDERCASE [3 IN 1] Designed for iPhone 13 Pro Max Case, [Crystal Clear Not Yellowing][with 2 Pcs Tempered Glass Screen Protectors &amp; 2 Pcs Camera Lens Protectors] Slim Thin Case-Clear",Worthy of iPhone,5.0,"Apple should have such a nice case. But then again, it would cost at least 5 times as much from Apple! Only feedback is that it is sometimes difficult to get the camera protector piece to adhere completely clear. The adhesive sometimes shows. Not a major issue though, unless it‚Äôs really bad. But they do include two of those in case one doesn‚Äôt adhere to your liking."
7,"SPIDERCASE [3 IN 1] Designed for iPhone 13 Pro Max Case, [Crystal Clear Not Yellowing][with 2 Pcs Tempered Glass Screen Protectors &amp; 2 Pcs Camera Lens Protectors] Slim Thin Case-Clear","As a Zookeeper, this case keeps my phone safe and clean!",5.0,"I work a very dirty job and am constantly using my phone all day. It hasn't turned colors, it's durable and really holds the phone in tight. The screen protector is alright, it chipped very easily on the side, but no spider cracks or big issues. It has bumpers on the inside too for the phone corners"
8,"SPIDERCASE [3 IN 1] Designed for iPhone 13 Pro Max Case, [Crystal Clear Not Yellowing][with 2 Pcs Tempered Glass Screen Protectors &amp; 2 Pcs Camera Lens Protectors] Slim Thin Case-Clear",It works,5.0,"Purchased the clear one and I love it. The case works great, screen protector easy to apply, comes with cleaning kit so no dust gets inside the screen protector, feels good, lens protector doesnt affect camera quality, and buttons work great"
9,"SPIDERCASE [3 IN 1] Designed for iPhone 13 Pro Max Case, [Crystal Clear Not Yellowing][with 2 Pcs Tempered Glass Screen Protectors &amp; 2 Pcs Camera Lens Protectors] Slim Thin Case-Clear",Not as thin,5.0,"I was looking for a very thin case for my iPhone 13 pro max, unfortunately this one is standard size. Very durable but not what I was looking for. I do recommend it, if a clear case is what your after."
10,"SPIDERCASE [3 IN 1] Designed for iPhone 13 Pro Max Case, [Crystal Clear Not Yellowing][with 2 Pcs Tempered Glass Screen Protectors &amp; 2 Pcs Camera Lens Protectors] Slim Thin Case-Clear",Great case for the money!,5.0,I bought the clear glitter one and it gives the phone a cool effect while still being able to see the alpine green color of my phone. It comes with super easy to apply screen protectors and even some glitter round covers for the 3 back cameras but I didn‚Äôt use them because I felt they look cheap and are not really necessary as the case rises up high enough to protect the cameras when you lay it down. Glad I didn‚Äôt pay $50+ for one at the Verizon store!!
11,"SPIDERCASE [3 IN 1] Designed for iPhone 13 Pro Max Case, [Crystal Clear Not Yellowing][with 2 Pcs Tempered Glass Screen Protectors &amp; 2 Pcs Camera Lens Protectors] Slim Thin Case-Clear","Great case, fits the phone perfect",5.0,"The only suggestion i would have is how to include instructions on how to install the screen protector.  I made it work, but have never done this on any prior phones.  Great value for the money."
12,"SPIDERCASE [3 IN 1] Designed for iPhone 13 Pro Max Case, [Crystal Clear Not Yellowing][with 2 Pcs Tempered Glass Screen Protectors &amp; 2 Pcs Camera Lens Protectors] Slim Thin Case-Clear",Decent Case,5.0,Needed a good clear case for my Alpine Green iPhone 13 pro max and this fit the bill. Shipping was fast and it fit my phone very snuggly.
13,"SPIDERCASE [3 IN 1] Designed for iPhone 13 Pro Max Case, [Crystal Clear Not Yellowing][with 2 Pcs Tempered Glass Screen Protectors &amp; 2 Pcs Camera Lens Protectors] Slim Thin Case-Clear",Excelente,5.0,"The media could not be loaded.
                



¬†Excelente"
14,"SPIDERCASE [3 IN 1] Designed for iPhone 13 Pro Max Case, [Crystal Clear Not Yellowing][with 2 Pcs Tempered Glass Screen Protectors &amp; 2 Pcs Camera Lens Protectors] Slim Thin Case-Clear",Sturdy and was delivered quickly,5.0,"A simple but sturdy case for my phone.  A simple instruction sheet would have probably helped me get it on a bit faster, but overall, not complicated."
15,"SPIDERCASE [3 IN 1] Designed for iPhone 13 Pro Max Case, [Crystal Clear Not Yellowing][with 2 Pcs Tempered Glass Screen Protectors &amp; 2 Pcs Camera Lens Protectors] Slim Thin Case-Clear",As good as it gets,5.0,I've had many iphone covers in my day and this one is the most simple and simply the best. I love it.
16,"SPIDERCASE [3 IN 1] Designed for iPhone 13 Pro Max Case, [Crystal Clear Not Yellowing][with 2 Pcs Tempered Glass Screen Protectors &amp; 2 Pcs Camera Lens Protectors] Slim Thin Case-Clear",Nice clean look,5.0,Very nice and cleaning looking. Not too bulky
17,"SPIDERCASE [3 IN 1] Designed for iPhone 13 Pro Max Case, [Crystal Clear Not Yellowing][with 2 Pcs Tempered Glass Screen Protectors &amp; 2 Pcs Camera Lens Protectors] Slim Thin Case-Clear",Super buena calidad,5.0,Calsa perfecto y protege muy bien el celular
18,"SPIDERCASE [3 IN 1] Designed for iPhone 13 Pro Max Case, [Crystal Clear Not Yellowing][with 2 Pcs Tempered Glass Screen Protectors &amp; 2 Pcs Camera Lens Protectors] Slim Thin Case-Clear",Exactly what I was looking for.,5.0,Fits good and I love that it has the extra covering over the camera lens‚Äôs. Just upgraded to the 13 pro and the first day was so worried I was going to scratch it given how far the lens stuck out. Put it on and can comfortably set my phone down with no worries if any scratching. For a $20 or so case couldn‚Äôt ask for much more
19,"SPIDERCASE [3 IN 1] Designed for iPhone 13 Pro Max Case, [Crystal Clear Not Yellowing][with 2 Pcs Tempered Glass Screen Protectors &amp; 2 Pcs Camera Lens Protectors] Slim Thin Case-Clear",Excelente articulo.,5.0,Excelente protector para Iphone 13 pro max.
20,"SPIDERCASE [3 IN 1] Designed for iPhone 13 Pro Max Case, [Crystal Clear Not Yellowing][with 2 Pcs Tempered Glass Screen Protectors &amp; 2 Pcs Camera Lens Protectors] Slim Thin Case-Clear",Good looking case,5.0,Slim feel and looks good
21,"SPIDERCASE [3 IN 1] Designed for iPhone 13 Pro Max Case, [Crystal Clear Not Yellowing][with 2 Pcs Tempered Glass Screen Protectors &amp; 2 Pcs Camera Lens Protectors] Slim Thin Case-Clear",Durable,5.0,Good so far! It‚Äôs better than I expected tbh. Easy to place both screen and camera protector and case is thin but thick enough to protect phone. I would recommend. I love that two were sent just in case.
22,"SPIDERCASE [3 IN 1] Designed for iPhone 13 Pro Max Case, [Crystal Clear Not Yellowing][with 2 Pcs Tempered Glass Screen Protectors &amp; 2 Pcs Camera Lens Protectors] Slim Thin Case-Clear",Its just like the cases sold at the ATT store without the big price tag.,5.0,Looks great and fits great and saved me a lot of money.
23,"SPIDERCASE [3 IN 1] Designed for iPhone 13 Pro Max Case, [Crystal Clear Not Yellowing][with 2 Pcs Tempered Glass Screen Protectors &amp; 2 Pcs Camera Lens Protectors] Slim Thin Case-Clear",A reasonable investment to protect a valuable tool,5.0,It's not too bulky
24,"SPIDERCASE [3 IN 1] Designed for iPhone 13 Pro Max Case, [Crystal Clear Not Yellowing][with 2 Pcs Tempered Glass Screen Protectors &amp; 2 Pcs Camera Lens Protectors] Slim Thin Case-Clear",Beautiful case,5.0,"I love my glittery case, it catches other‚Äôs eyes. Most importantly, it has my iPhone 13 secure! I am super happy with my purchase."
25,"SPIDERCASE [3 IN 1] Designed for iPhone 13 Pro Max Case, [Crystal Clear Not Yellowing][with 2 Pcs Tempered Glass Screen Protectors &amp; 2 Pcs Camera Lens Protectors] Slim Thin Case-Clear",Quality,5.0,The case quality is great.
26,"SPIDERCASE [3 IN 1] Designed for iPhone 13 Pro Max Case, [Crystal Clear Not Yellowing][with 2 Pcs Tempered Glass Screen Protectors &amp; 2 Pcs Camera Lens Protectors] Slim Thin Case-Clear",Good,5.0,Good
27,"SPIDERCASE [3 IN 1] Designed for iPhone 13 Pro Max Case, [Crystal Clear Not Yellowing][with 2 Pcs Tempered Glass Screen Protectors &amp; 2 Pcs Camera Lens Protectors] Slim Thin Case-Clear",Fit great,5.0,Very good price
28,"SPIDERCASE [3 IN 1] Designed for iPhone 13 Pro Max Case, [Crystal Clear Not Yellowing][with 2 Pcs Tempered Glass Screen Protectors &amp; 2 Pcs Camera Lens Protectors] Slim Thin Case-Clear",Perfect item,5.0,Item adds another dimension to iPhone
29,"SPIDERCASE [3 IN 1] Designed for iPhone 13 Pro Max Case, [Crystal Clear Not Yellowing][with 2 Pcs Tempered Glass Screen Protectors &amp; 2 Pcs Camera Lens Protectors] Slim Thin Case-Clear",Expectations met,5.0,Expectations
30,"SPIDERCASE [3 IN 1] Designed for iPhone 13 Pro Max Case, [Crystal Clear Not Yellowing][with 2 Pcs Tempered Glass Screen Protectors &amp; 2 Pcs Camera Lens Protectors] Slim Thin Case-Clear",Reliable and inexpensive,5.0,"This is a great phone case if you are trying to save money and want something reliable.Even if it‚Äôs just for a temporary case until you can get a preferred style, still worth it.Especially since it comes with two screen protectors and two camera lens protectors."
31,"SPIDERCASE [3 IN 1] Designed for iPhone 13 Pro Max Case, [Crystal Clear Not Yellowing][with 2 Pcs Tempered Glass Screen Protectors &amp; 2 Pcs Camera Lens Protectors] Slim Thin Case-Clear",Great product,5.0,This screen protector was the best I have ever had to install.  Not one bubble! The case is great and the cover for the camera is very durable.  I can‚Äôt believe it was so cheap to purchase.
32,"SPIDERCASE [3 IN 1] Designed for iPhone 13 Pro Max Case, [Crystal Clear Not Yellowing][with 2 Pcs Tempered Glass Screen Protectors &amp; 2 Pcs Camera Lens Protectors] Slim Thin Case-Clear",Good case,5.0,"Thin but sturdy, and it‚Äôs so pretty!"
33,"SPIDERCASE [3 IN 1] Designed for iPhone 13 Pro Max Case, [Crystal Clear Not Yellowing][with 2 Pcs Tempered Glass Screen Protectors &amp; 2 Pcs Camera Lens Protectors] Slim Thin Case-Clear",Nice design. Easy to install.,5.0,Nice clear cover plus glass protection.
34,"SPIDERCASE [3 IN 1] Designed for iPhone 13 Pro Max Case, [Crystal Clear Not Yellowing][with 2 Pcs Tempered Glass Screen Protectors &amp; 2 Pcs Camera Lens Protectors] Slim Thin Case-Clear",Great cast,5.0,Thin but sturdy
35,"SPIDERCASE [3 IN 1] Designed for iPhone 13 Pro Max Case, [Crystal Clear Not Yellowing][with 2 Pcs Tempered Glass Screen Protectors &amp; 2 Pcs Camera Lens Protectors] Slim Thin Case-Clear",Great product and a great deal,5.0,It gives total protection for your phone.
36,"SPIDERCASE [3 IN 1] Designed for iPhone 13 Pro Max Case, [Crystal Clear Not Yellowing][with 2 Pcs Tempered Glass Screen Protectors &amp; 2 Pcs Camera Lens Protectors] Slim Thin Case-Clear",Great!,5.0,"Great case, sturdy and protects. Also comes with the 2 screen protectors and 2 camera ones too! And they work great and easy to put on."
37,"SPIDERCASE [3 IN 1] Designed for iPhone 13 Pro Max Case, [Crystal Clear Not Yellowing][with 2 Pcs Tempered Glass Screen Protectors &amp; 2 Pcs Camera Lens Protectors] Slim Thin Case-Clear",Very nice,5.0,I love this case
38,"SPIDERCASE [3 IN 1] Designed for iPhone 13 Pro Max Case, [Crystal Clear Not Yellowing][with 2 Pcs Tempered Glass Screen Protectors &amp; 2 Pcs Camera Lens Protectors] Slim Thin Case-Clear",I love it best purchase I made,5.0,This is a awesome purchase it is clear and you can see the phone color through the case and it has camera guards I love it
39,"SPIDERCASE [3 IN 1] Designed for iPhone 13 Pro Max Case, [Crystal Clear Not Yellowing][with 2 Pcs Tempered Glass Screen Protectors &amp; 2 Pcs Camera Lens Protectors] Slim Thin Case-Clear",Perfect fit,5.0,This case is a perfect fit for the phone. I have bought a few cases at different places and this is by far the best.
40,"SPIDERCASE [3 IN 1] Designed for iPhone 13 Pro Max Case, [Crystal Clear Not Yellowing][with 2 Pcs Tempered Glass Screen Protectors &amp; 2 Pcs Camera Lens Protectors] Slim Thin Case-Clear",very light,5.0,"This case was very light. I like the style and it was not expensive. Also, like the lens cover which is really protective."
41,"SPIDERCASE [3 IN 1] Designed for iPhone 13 Pro Max Case, [Crystal Clear Not Yellowing][with 2 Pcs Tempered Glass Screen Protectors &amp; 2 Pcs Camera Lens Protectors] Slim Thin Case-Clear",great quality,5.0,Great quality and love the color.  Thank you!
42,"SPIDERCASE [3 IN 1] Designed for iPhone 13 Pro Max Case, [Crystal Clear Not Yellowing][with 2 Pcs Tempered Glass Screen Protectors &amp; 2 Pcs Camera Lens Protectors] Slim Thin Case-Clear",Very good,5.0,Very good
43,"SPIDERCASE [3 IN 1] Designed for iPhone 13 Pro Max Case, [Crystal Clear Not Yellowing][with 2 Pcs Tempered Glass Screen Protectors &amp; 2 Pcs Camera Lens Protectors] Slim Thin Case-Clear",Perfect,5.0,It has everything you need and love that it was exactly what the pictures describe it is.
44,"SPIDERCASE [3 IN 1] Designed for iPhone 13 Pro Max Case, [Crystal Clear Not Yellowing][with 2 Pcs Tempered Glass Screen Protectors &amp; 2 Pcs Camera Lens Protectors] Slim Thin Case-Clear",Great product!,5.0,"Love it, it‚Äôs amazing totally worth it!"
45,"SPIDERCASE [3 IN 1] Designed for iPhone 13 Pro Max Case, [Crystal Clear Not Yellowing][with 2 Pcs Tempered Glass Screen Protectors &amp; 2 Pcs Camera Lens Protectors] Slim Thin Case-Clear",Great look at great price,5.0,Came timely and has a very high quality for the price paid. My wife loved it
46,"SPIDERCASE [3 IN 1] Designed for iPhone 13 Pro Max Case, [Crystal Clear Not Yellowing][with 2 Pcs Tempered Glass Screen Protectors &amp; 2 Pcs Camera Lens Protectors] Slim Thin Case-Clear",Really nice,5.0,Nice case and comes with an extra screen protector and lens protector. By far best value for the money! Good product
47,"SPIDERCASE [3 IN 1] Designed for iPhone 13 Pro Max Case, [Crystal Clear Not Yellowing][with 2 Pcs Tempered Glass Screen Protectors &amp; 2 Pcs Camera Lens Protectors] Slim Thin Case-Clear",Simple and fits great,5.0,Great scratch resistance.
48,"SPIDERCASE [3 IN 1] Designed for iPhone 13 Pro Max Case, [Crystal Clear Not Yellowing][with 2 Pcs Tempered Glass Screen Protectors &amp; 2 Pcs Camera Lens Protectors] Slim Thin Case-Clear",Love it,5.0,Absolutely love this item great fit for my iPhone 13 !!
49,"SPIDERCASE [3 IN 1] Designed for iPhone 13 Pro Max Case, [Crystal Clear Not Yellowing][with 2 Pcs Tempered Glass Screen Protectors &amp; 2 Pcs Camera Lens Protectors] Slim Thin Case-Clear",Great Value for the money!,5.0,Really love this!!
50,"SPIDERCASE [3 IN 1] Designed for iPhone 13 Pro Max Case, [Crystal Clear Not Yellowing][with 2 Pcs Tempered Glass Screen Protectors &amp; 2 Pcs Camera Lens Protectors] Slim Thin Case-Clear",Genial,5.0,Todo tal cual 100% recomendado
51,"SPIDERCASE [3 IN 1] Designed for iPhone 13 Pro Max Case, [Crystal Clear Not Yellowing][with 2 Pcs Tempered Glass Screen Protectors &amp; 2 Pcs Camera Lens Protectors] Slim Thin Case-Clear",Amazing,5.0,"This product is so amazing, I love is. It deserves more that 5 start"
52,"SPIDERCASE [3 IN 1] Designed for iPhone 13 Pro Max Case, [Crystal Clear Not Yellowing][with 2 Pcs Tempered Glass Screen Protectors &amp; 2 Pcs Camera Lens Protectors] Slim Thin Case-Clear",All in one,5.0,Love that I can buy one thing & protect my whole phone
53,"SPIDERCASE [3 IN 1] Designed for iPhone 13 Pro Max Case, [Crystal Clear Not Yellowing][with 2 Pcs Tempered Glass Screen Protectors &amp; 2 Pcs Camera Lens Protectors] Slim Thin Case-Clear",Good product,5.0,Exactly as shown. Very pleased
54,"SPIDERCASE [3 IN 1] Designed for iPhone 13 Pro Max Case, [Crystal Clear Not Yellowing][with 2 Pcs Tempered Glass Screen Protectors &amp; 2 Pcs Camera Lens Protectors] Slim Thin Case-Clear",Good,5.0,Good
55,"SPIDERCASE [3 IN 1] Designed for iPhone 13 Pro Max Case, [Crystal Clear Not Yellowing][with 2 Pcs Tempered Glass Screen Protectors &amp; 2 Pcs Camera Lens Protectors] Slim Thin Case-Clear",Yay,5.0,Na
56,"SPIDERCASE [3 IN 1] Designed for iPhone 13 Pro Max Case, [Crystal Clear Not Yellowing][with 2 Pcs Tempered Glass Screen Protectors &amp; 2 Pcs Camera Lens Protectors] Slim Thin Case-Clear",Great value,5.0,It comes with two screen and camera protectors!
57,"SPIDERCASE [3 IN 1] Designed for iPhone 13 Pro Max Case, [Crystal Clear Not Yellowing][with 2 Pcs Tempered Glass Screen Protectors &amp; 2 Pcs Camera Lens Protectors] Slim Thin Case-Clear",Thumbs Up ni,5.0,"The media could not be loaded.
                



¬†Good product"
58,"SPIDERCASE [3 IN 1] Designed for iPhone 13 Pro Max Case, [Crystal Clear Not Yellowing][with 2 Pcs Tempered Glass Screen Protectors &amp; 2 Pcs Camera Lens Protectors] Slim Thin Case-Clear",Nicely done,5.0,Fits perfectly snug on an iPhone 13 Pro Max
59,"SPIDERCASE [3 IN 1] Designed for iPhone 13 Pro Max Case, [Crystal Clear Not Yellowing][with 2 Pcs Tempered Glass Screen Protectors &amp; 2 Pcs Camera Lens Protectors] Slim Thin Case-Clear",Good value for the price.,5.0,Great product.
60,"SPIDERCASE [3 IN 1] Designed for iPhone 13 Pro Max Case, [Crystal Clear Not Yellowing][with 2 Pcs Tempered Glass Screen Protectors &amp; 2 Pcs Camera Lens Protectors] Slim Thin Case-Clear",very good and excellent,5.0,Very good and excellent and love it
61,"SPIDERCASE [3 IN 1] Designed for iPhone 13 Pro Max Case, [Crystal Clear Not Yellowing][with 2 Pcs Tempered Glass Screen Protectors &amp; 2 Pcs Camera Lens Protectors] Slim Thin Case-Clear",Excellent,5.0,Todo bien
62,"SPIDERCASE [3 IN 1] Designed for iPhone 13 Pro Max Case, [Crystal Clear Not Yellowing][with 2 Pcs Tempered Glass Screen Protectors &amp; 2 Pcs Camera Lens Protectors] Slim Thin Case-Clear",Awesome case,5.0,Nice case
63,"SPIDERCASE [3 IN 1] Designed for iPhone 13 Pro Max Case, [Crystal Clear Not Yellowing][with 2 Pcs Tempered Glass Screen Protectors &amp; 2 Pcs Camera Lens Protectors] Slim Thin Case-Clear",Excelente,5.0,Todo perfecto
64,"SPIDERCASE [3 IN 1] Designed for iPhone 13 Pro Max Case, [Crystal Clear Not Yellowing][with 2 Pcs Tempered Glass Screen Protectors &amp; 2 Pcs Camera Lens Protectors] Slim Thin Case-Clear",Great all around protective case for iPhone 13 Pro Max,5.0,I just got my first promax this month over from an iPhone 11. I had to get a case quickly so I did a quick look in Amazon for this case I saw I had a protective cover for the lenses and I work for AT&T when are the things that breaks on phones it‚Äôs not just the screen but it‚Äôs the lens of the camera. I was glad that I have had a protection towards that as well this kit came with two protective lens covers and two protective screen protectors. Plus the case the case fits flawlessly has no gaps and it doesn‚Äôt make it feel much more bulky. I hadn‚Äôt dropped it yet  but I hope it protects like it says online. I‚Äôve been recommended it to my customers when I threw some out of T-Mobile and Verizon and getting this protective case and others protective cases from Spider Case !!!
65,"SPIDERCASE [3 IN 1] Designed for iPhone 13 Pro Max Case, [Crystal Clear Not Yellowing][with 2 Pcs Tempered Glass Screen Protectors &amp; 2 Pcs Camera Lens Protectors] Slim Thin Case-Clear",For the 13 pro max spend the extra 20,4.0,"I do feel like the drop protection is good. Case is nice, but edges are not comfortable in landscape mode. I play mobile games a lot so it depends on intended usage. But for everyday use it‚Äôs a good case for under $20. They include accessories as well-"
66,"SPIDERCASE [3 IN 1] Designed for iPhone 13 Pro Max Case, [Crystal Clear Not Yellowing][with 2 Pcs Tempered Glass Screen Protectors &amp; 2 Pcs Camera Lens Protectors] Slim Thin Case-Clear",It cut me!,4.0,The camera cover thingy cut me! 1st of all I didn‚Äôt even drop my phone it cracked when I took the case off. Then after leaving it on thinking it wasn‚Äôt that bad it crumble started chipping and cut my hand when I went the retrieve it! It really hurt. So I took it off but now am scared to replace it broke so easily and it‚Äôs like glass! Do upset! And I should have got the case the has the circle for charging anyway!! That‚Äôs why I had to remove the case! All around bad purchase for me. Case is ok kinda hard to remove but cool.. glass lense cover sucks!
67,"SPIDERCASE [3 IN 1] Designed for iPhone 13 Pro Max Case, [Crystal Clear Not Yellowing][with 2 Pcs Tempered Glass Screen Protectors &amp; 2 Pcs Camera Lens Protectors] Slim Thin Case-Clear",My Wife Loved it,4.0,It's simple and decorative.I was unsure of buying such a low-priced iPhone protector because my wife is used to more expensive and elegant accessories But I wanted something made from a material that would actually safeguard her phone from dropping it.She loves it
68,"SPIDERCASE [3 IN 1] Designed for iPhone 13 Pro Max Case, [Crystal Clear Not Yellowing][with 2 Pcs Tempered Glass Screen Protectors &amp; 2 Pcs Camera Lens Protectors] Slim Thin Case-Clear",Quality,1.0,"Product was not good screens cracked , had to buy a different one today . I would not recommend this product at all . It cost more money because I had to buy another oneSincerelyJane Hosner"
69,"SPIDERCASE [3 IN 1] Designed for iPhone 13 Pro Max Case, [Crystal Clear Not Yellowing][with 2 Pcs Tempered Glass Screen Protectors &amp; 2 Pcs Camera Lens Protectors] Slim Thin Case-Clear",Broken,2.0,The protection screen broke 1st day I had it and didn‚Äôt even drop it. Just sat it on counter and it cracked.
70,"SPIDERCASE [3 IN 1] Designed for iPhone 13 Pro Max Case, [Crystal Clear Not Yellowing][with 2 Pcs Tempered Glass Screen Protectors &amp; 2 Pcs Camera Lens Protectors] Slim Thin Case-Clear",Good Case,4.0,"Comes with 2 screen protectors, which is great. The case is easy to snap on. Only wish that the cover for the lenses was one piece instead of 3 separate pieces. But overall, it‚Äôs a good case."
71,"SPIDERCASE [3 IN 1] Designed for iPhone 13 Pro Max Case, [Crystal Clear Not Yellowing][with 2 Pcs Tempered Glass Screen Protectors &amp; 2 Pcs Camera Lens Protectors] Slim Thin Case-Clear",2 out of 3 ain't bad,3.0,"This plastic case is prefectly clear and it hits the buttons correctly, the camera cover fits exactly and on the IPhone 13 Pro Max the camera feels very unprotected and so it is protection that is definitely required.  The problem is the front screen cover.  While the cover was easy to install and fit exactly, it did not allow FaceID to correctly identify your face.  Because of this, I left the front cover off and used the case and camera cover.  For the price I thought this was fair."
72,"SPIDERCASE [3 IN 1] Designed for iPhone 13 Pro Max Case, [Crystal Clear Not Yellowing][with 2 Pcs Tempered Glass Screen Protectors &amp; 2 Pcs Camera Lens Protectors] Slim Thin Case-Clear",I like it.,4.0,"Easy to install, and it was a bit challenging to peel the lens protector cover off, so I had to cut all around to pry it off. All in all, it worked out."
73,"SPIDERCASE [3 IN 1] Designed for iPhone 13 Pro Max Case, [Crystal Clear Not Yellowing][with 2 Pcs Tempered Glass Screen Protectors &amp; 2 Pcs Camera Lens Protectors] Slim Thin Case-Clear",Missing two features/things,3.0,"First, no instructions sent. Who does that? And could not find it on their site either.Second, the only thing I really don't like is the camera protector part. It goes on with some kind of adhesive and that can catch dust while trying to get it on. Why did they not just make it part of the bottom protector?Other than that, its fine."
74,"SPIDERCASE [3 IN 1] Designed for iPhone 13 Pro Max Case, [Crystal Clear Not Yellowing][with 2 Pcs Tempered Glass Screen Protectors &amp; 2 Pcs Camera Lens Protectors] Slim Thin Case-Clear","Decent case, bad screen protector",3.0,"I like the case well enough, it has some sharp lines along the edges, but that is not a deal breaker. I cannot use the screen protectors if I want to use face recognition to unlock my phone and/or apps. The cutout for the front facing cameral lens is too small, and it's enough to disrupt that process. I installed one of the screen protectors (it went on nicely, good install) and facial recognition was not working on the phone. I pulled off the screen protector and the phone worked as usual."
75,"SPIDERCASE [3 IN 1] Designed for iPhone 13 Pro Max Case, [Crystal Clear Not Yellowing][with 2 Pcs Tempered Glass Screen Protectors &amp; 2 Pcs Camera Lens Protectors] Slim Thin Case-Clear",Good case,4.0,It seems like a good durable case. I have not dropped my new phone yet ‚Ä¶. It‚Äôll happen and I am pretty sure this case will save my phone.
76,"SPIDERCASE [3 IN 1] Designed for iPhone 13 Pro Max Case, [Crystal Clear Not Yellowing][with 2 Pcs Tempered Glass Screen Protectors &amp; 2 Pcs Camera Lens Protectors] Slim Thin Case-Clear",Fit like a glove.,4.0,Fit great and seems to be sturdy enough for my usage.
77,"SPIDERCASE [3 IN 1] Designed for iPhone 13 Pro Max Case, [Crystal Clear Not Yellowing][with 2 Pcs Tempered Glass Screen Protectors &amp; 2 Pcs Camera Lens Protectors] Slim Thin Case-Clear",Thought this would be more than a flabby piece of plastic,1.0,Thought this would be a little more durable
78,"SPIDERCASE [3 IN 1] Designed for iPhone 13 Pro Max Case, [Crystal Clear Not Yellowing][with 2 Pcs Tempered Glass Screen Protectors &amp; 2 Pcs Camera Lens Protectors] Slim Thin Case-Clear",Useful,4.0,"The screen protector took an air pocket that won‚Äôt resolve, but it may have been my fault. Otherwise, I am very happy with the product."
79,"SPIDERCASE [3 IN 1] Designed for iPhone 13 Pro Max Case, [Crystal Clear Not Yellowing][with 2 Pcs Tempered Glass Screen Protectors &amp; 2 Pcs Camera Lens Protectors] Slim Thin Case-Clear",The lens protector is horrible,3.0,Case is great. Came with 2 screen protectors and 2 lens protectors. The lens protectors are making my camera not focus properly. If it‚Äôs not absolutely centered it makes my camera go in and out of focus and my pictures look weird. I have to keep adjusting it. Seriously annoying. Everything else is great but I‚Äôll have to order different lens protectors.
80,"SPIDERCASE [3 IN 1] Designed for iPhone 13 Pro Max Case, [Crystal Clear Not Yellowing][with 2 Pcs Tempered Glass Screen Protectors &amp; 2 Pcs Camera Lens Protectors] Slim Thin Case-Clear",The case is clear,2.0,I didn‚Äôt realize when I bought it that it was completely clear and what I thought was a design was just a reflection when the photo was taken for the ad.
81,"SPIDERCASE [3 IN 1] Designed for iPhone 13 Pro Max Case, [Crystal Clear Not Yellowing][with 2 Pcs Tempered Glass Screen Protectors &amp; 2 Pcs Camera Lens Protectors] Slim Thin Case-Clear",they need to fix the problem The screen protector and the case  protector,4.0,"The truth is that I am not very happy with the product because when you put the Screen protector on it, you try to put it on very well and when you put the case on the phone, the Screen protector starts to come off and that had never happened to me with others"
82,"SPIDERCASE [3 IN 1] Designed for iPhone 13 Pro Max Case, [Crystal Clear Not Yellowing][with 2 Pcs Tempered Glass Screen Protectors &amp; 2 Pcs Camera Lens Protectors] Slim Thin Case-Clear",Awesome product.,4.0,"I am very pleased with the products. I got the glitter clear and my spouse got the clear blue along the screen protectors. They were easy to install and the material isn‚Äôt slippery or anything. Also, the case is thicker than expected. Really good buy! üëå"
83,"SPIDERCASE [3 IN 1] Designed for iPhone 13 Pro Max Case, [Crystal Clear Not Yellowing][with 2 Pcs Tempered Glass Screen Protectors &amp; 2 Pcs Camera Lens Protectors] Slim Thin Case-Clear",YELLOWED WITHIN 2 MONTHS!!,3.0,"This case is durable. However, Buttons are pretty stiff and hard to push fever months later. The clear glitter case turns yellow/brown within a few months"
84,"SPIDERCASE [3 IN 1] Designed for iPhone 13 Pro Max Case, [Crystal Clear Not Yellowing][with 2 Pcs Tempered Glass Screen Protectors &amp; 2 Pcs Camera Lens Protectors] Slim Thin Case-Clear",Great look,4.0,Clearly look
85,"SPIDERCASE [3 IN 1] Designed for iPhone 13 Pro Max Case, [Crystal Clear Not Yellowing][with 2 Pcs Tempered Glass Screen Protectors &amp; 2 Pcs Camera Lens Protectors] Slim Thin Case-Clear",junk,1.0,low quality protectors cracked after several weeks...
86,"SPIDERCASE [3 IN 1] Designed for iPhone 13 Pro Max Case, [Crystal Clear Not Yellowing][with 2 Pcs Tempered Glass Screen Protectors &amp; 2 Pcs Camera Lens Protectors] Slim Thin Case-Clear",It‚Äôs cute,4.0,I love the camera protectors. It really makes the case pop off. If you have the blue iPhone 13 pro max the color will not be as vibrant as the photo other than that I give it a 4.5/5 stars
87,"SPIDERCASE [3 IN 1] Designed for iPhone 13 Pro Max Case, [Crystal Clear Not Yellowing][with 2 Pcs Tempered Glass Screen Protectors &amp; 2 Pcs Camera Lens Protectors] Slim Thin Case-Clear",Not secure enough / case keeps shifting,2.0,"The screen and lens protectors are good, but the case itself doesn‚Äôt feel sturdy enough around the phone. It would slightly shift/move and would even make a small sound as it does, just makes the whole thing feel flimsy. Also the case easily show fingerprints and needs to be constantly wiped to look ok. Would not recommend."
88,"SPIDERCASE [3 IN 1] Designed for iPhone 13 Pro Max Case, [Crystal Clear Not Yellowing][with 2 Pcs Tempered Glass Screen Protectors &amp; 2 Pcs Camera Lens Protectors] Slim Thin Case-Clear",Didn‚Äôt fit,3.0,This was just a hair too small. The top curled back and so I got a Spigen instead and it fits great.
89,"SPIDERCASE [3 IN 1] Designed for iPhone 13 Pro Max Case, [Crystal Clear Not Yellowing][with 2 Pcs Tempered Glass Screen Protectors &amp; 2 Pcs Camera Lens Protectors] Slim Thin Case-Clear",cant complain for its price,4.0,u get a lot  of accessories of the price but they do break easily
90,"SPIDERCASE [3 IN 1] Designed for iPhone 13 Pro Max Case, [Crystal Clear Not Yellowing][with 2 Pcs Tempered Glass Screen Protectors &amp; 2 Pcs Camera Lens Protectors] Slim Thin Case-Clear",That I get what I paid for,4.0,The camera cover cracked in days of putting it on
91,"SPIDERCASE [3 IN 1] Designed for iPhone 13 Pro Max Case, [Crystal Clear Not Yellowing][with 2 Pcs Tempered Glass Screen Protectors &amp; 2 Pcs Camera Lens Protectors] Slim Thin Case-Clear","Pretty good case, stays clear.",4.0,"The camera protector should be a little more durable, but overall good case."
92,"SPIDERCASE [3 IN 1] Designed for iPhone 13 Pro Max Case, [Crystal Clear Not Yellowing][with 2 Pcs Tempered Glass Screen Protectors &amp; 2 Pcs Camera Lens Protectors] Slim Thin Case-Clear",Send me an non original product. Returned.,3.0,Look like was good but IOS complained that the screen was not original.
93,"SPIDERCASE [3 IN 1] Designed for iPhone 13 Pro Max Case, [Crystal Clear Not Yellowing][with 2 Pcs Tempered Glass Screen Protectors &amp; 2 Pcs Camera Lens Protectors] Slim Thin Case-Clear",Missing parts & broken bag,1.0,"When I open it, the yellow bag was already opened by someone else! And also the camera lens protector was missing! Totally different with the description!"
94,"SPIDERCASE [3 IN 1] Designed for iPhone 13 Pro Max Case, [Crystal Clear Not Yellowing][with 2 Pcs Tempered Glass Screen Protectors &amp; 2 Pcs Camera Lens Protectors] Slim Thin Case-Clear",Good case,3.0,"the case is great, but the screen protector is not so good. It fitted perfectly but air bubbles appeared a week later"
95,"SPIDERCASE [3 IN 1] Designed for iPhone 13 Pro Max Case, [Crystal Clear Not Yellowing][with 2 Pcs Tempered Glass Screen Protectors &amp; 2 Pcs Camera Lens Protectors] Slim Thin Case-Clear","Used item, re-boxed, sold as new. Two thumbs down!",1.0,"The product was purchased as new, but arrived in a beat up box with no screen protector and an array of finger smudges all over it‚Ä¶ Had to buy another screen protector"
96,"SPIDERCASE [3 IN 1] Designed for iPhone 13 Pro Max Case, [Crystal Clear Not Yellowing][with 2 Pcs Tempered Glass Screen Protectors &amp; 2 Pcs Camera Lens Protectors] Slim Thin Case-Clear",It‚Äôs alright,1.0,Love the case!! But the package was damaged and screen protectors came broken! Ugh! Didn‚Äôt do a refund because I still needed a case. But still upsetting I had to go out for a screen protector!
97,"SPIDERCASE [3 IN 1] Designed for iPhone 13 Pro Max Case, [Crystal Clear Not Yellowing][with 2 Pcs Tempered Glass Screen Protectors &amp; 2 Pcs Camera Lens Protectors] Slim Thin Case-Clear",Cover for lens broke after 1 day,1.0,Camera lens cover broke after 1 day.
98,"SPIDERCASE [3 IN 1] Designed for iPhone 13 Pro Max Case, [Crystal Clear Not Yellowing][with 2 Pcs Tempered Glass Screen Protectors &amp; 2 Pcs Camera Lens Protectors] Slim Thin Case-Clear",Does not fit,1.0,The case was not the right size. It does not fit the iPhone 13 pro max.
99,"SPIDERCASE [3 IN 1] Designed for iPhone 13 Pro Max Case, [Crystal Clear Not Yellowing][with 2 Pcs Tempered Glass Screen Protectors &amp; 2 Pcs Camera Lens Protectors] Slim Thin Case-Clear",Missing part,1.0,Product did not come with camera bumpers as stated in description; the screen protector is not durable and does not fit my Iphone 13 Pro Max properly
100,"SPIDERCASE [3 IN 1] Designed for iPhone 13 Pro Max Case, [Crystal Clear Not Yellowing][with 2 Pcs Tempered Glass Screen Protectors &amp; 2 Pcs Camera Lens Protectors] Slim Thin Case-Clear",The camera lens protectors don‚Äôt stick and crack so easy,1.0,Terrible camera lens protectors they don‚Äôt stick and they crack soooo easily
101,"SPIDERCASE [3 IN 1] Designed for iPhone 13 Pro Max Case, [Crystal Clear Not Yellowing][with 2 Pcs Tempered Glass Screen Protectors &amp; 2 Pcs Camera Lens Protectors] Slim Thin Case-Clear",Not even one drop and the camera protected broke,1.0,Not even one drop and the camera protected broke
102,"SPIDERCASE [3 IN 1] Designed for iPhone 13 Pro Max Case, [Crystal Clear Not Yellowing][with 2 Pcs Tempered Glass Screen Protectors &amp; 2 Pcs Camera Lens Protectors] Slim Thin Case-Clear","product ok, vendor sent used product.",1.0,"Product is ok. But I received a used product and one tempered glass was used and which can't be used anymore. How come I received this used product, when it marked new one."
103,"SPIDERCASE [3 IN 1] Designed for iPhone 13 Pro Max Case, [Crystal Clear Not Yellowing][with 2 Pcs Tempered Glass Screen Protectors &amp; 2 Pcs Camera Lens Protectors] Slim Thin Case-Clear",Great,5.0,This product came with two screen protectors and two camera protectors along with the case! If dropped my phone twice and it‚Äôs still good as new ! So far so good!
104,"SPIDERCASE [3 IN 1] Designed for iPhone 13 Pro Max Case, [Crystal Clear Not Yellowing][with 2 Pcs Tempered Glass Screen Protectors &amp; 2 Pcs Camera Lens Protectors] Slim Thin Case-Clear",Great case but‚Ä¶,4.0,"The case is great, seems durable, helps provide a good grip on the phone, nice and clear, the one that I chose was clear screen protector is nice, it went on easily  My only complaint is the cameras protector. The protector has a mild adhesive on it to help stick to the phone, but as soon as you put it on the sticky stuff gets distorted in the area over the LiDAR sensor, that distortion then causes the camera to not focus properly. So besides this camera protector issue this is a great buy. Even without the camera protectors it‚Äôs still a good purchase."
105,"SPIDERCASE [3 IN 1] Designed for iPhone 13 Pro Max Case, [Crystal Clear Not Yellowing][with 2 Pcs Tempered Glass Screen Protectors &amp; 2 Pcs Camera Lens Protectors] Slim Thin Case-Clear",Quality is higher than the price tag might suggest,5.0,"Quality is almost shocking and the thoughtfulness that went into the design and implementation is appreciated. The case is well made and the buttons press properly like on more expensive alternatives. The camera protector square and the 2 screen protectors fit perfectly. If you put the case on first, the screen protector and camera protector will glide themselves into place perfectly. It‚Äôs satisfying to put together because for once the entire product and accessories makes sense and was well thought out. It‚Äôs insane that this quality is rare, but this is the one to buy. Very happy with my purchase."
106,"SPIDERCASE [3 IN 1] Designed for iPhone 13 Pro Max Case, [Crystal Clear Not Yellowing][with 2 Pcs Tempered Glass Screen Protectors &amp; 2 Pcs Camera Lens Protectors] Slim Thin Case-Clear","Adds a little sparkle to my phone, love that!",5.0,"The case is pretty and durable. Not long ago I had my phone knocked out of my hand onto the floor, I was so glad after inspection nothing was damaged. I‚Äôm very please with this purchase, thank you!"
107,"SPIDERCASE [3 IN 1] Designed for iPhone 13 Pro Max Case, [Crystal Clear Not Yellowing][with 2 Pcs Tempered Glass Screen Protectors &amp; 2 Pcs Camera Lens Protectors] Slim Thin Case-Clear",I love my new iPhone case!,5.0,I loved the value for the price. This is a very durable case that seems to keep my iPhone well protected. I was very happy that it also came with not one but two screen protectors!  I definitely recommend this product.
108,"SPIDERCASE [3 IN 1] Designed for iPhone 13 Pro Max Case, [Crystal Clear Not Yellowing][with 2 Pcs Tempered Glass Screen Protectors &amp; 2 Pcs Camera Lens Protectors] Slim Thin Case-Clear",Good value,5.0,I liked the good value since the AT&T store started at $30 for just the screen and extra for the screen protector.  I would say this is an excellent value.
109,"SPIDERCASE [3 IN 1] Designed for iPhone 13 Pro Max Case, [Crystal Clear Not Yellowing][with 2 Pcs Tempered Glass Screen Protectors &amp; 2 Pcs Camera Lens Protectors] Slim Thin Case-Clear",Good quality and Perfect Fit,5.0,"Really wanted to make sure my new Iphone 13 Pro max was well protected and this was perfect.  Full kit, easy to apply, fit perfectly and looks great."
110,"SPIDERCASE [3 IN 1] Designed for iPhone 13 Pro Max Case, [Crystal Clear Not Yellowing][with 2 Pcs Tempered Glass Screen Protectors &amp; 2 Pcs Camera Lens Protectors] Slim Thin Case-Clear",Nice sparkle light weight case. Non yellowing.,5.0,"That‚Äôs nice little case is sparkly, light weight, non yellowing and easy to put on phone. Came with bling camera protector too!"
111,"SPIDERCASE [3 IN 1] Designed for iPhone 13 Pro Max Case, [Crystal Clear Not Yellowing][with 2 Pcs Tempered Glass Screen Protectors &amp; 2 Pcs Camera Lens Protectors] Slim Thin Case-Clear",Well worth vegetarians price,5.0,My phone looks good and is protected now and I couldn‚Äôt ask for more especially for the price.
112,"SPIDERCASE [3 IN 1] Designed for iPhone 13 Pro Max Case, [Crystal Clear Not Yellowing][with 2 Pcs Tempered Glass Screen Protectors &amp; 2 Pcs Camera Lens Protectors] Slim Thin Case-Clear",So pretty,5.0,Great quality and really pretty. Highly recommend!
113,"SPIDERCASE [3 IN 1] Designed for iPhone 13 Pro Max Case, [Crystal Clear Not Yellowing][with 2 Pcs Tempered Glass Screen Protectors &amp; 2 Pcs Camera Lens Protectors] Slim Thin Case-Clear",6/10,5.0,The case and the screen protector are durable! The camera leans protector is not my daughter taped the back of my phone with a Roku remote and it cracked the protector. But everything thing is I recommend!
114,"SPIDERCASE [3 IN 1] Designed for iPhone 13 Pro Max Case, [Crystal Clear Not Yellowing][with 2 Pcs Tempered Glass Screen Protectors &amp; 2 Pcs Camera Lens Protectors] Slim Thin Case-Clear",Very durable!,5.0,Really does a good job keeping my phone safe when I drop it! And the flower design is pretty!
115,"SPIDERCASE [3 IN 1] Designed for iPhone 13 Pro Max Case, [Crystal Clear Not Yellowing][with 2 Pcs Tempered Glass Screen Protectors &amp; 2 Pcs Camera Lens Protectors] Slim Thin Case-Clear",Great case love it,5.0,I love this case and screen protectors. The camera protector is a great addition
116,"SPIDERCASE [3 IN 1] Designed for iPhone 13 Pro Max Case, [Crystal Clear Not Yellowing][with 2 Pcs Tempered Glass Screen Protectors &amp; 2 Pcs Camera Lens Protectors] Slim Thin Case-Clear",Nice for what it is,5.0,Im happy with it.  not cheap
117,"SPIDERCASE [3 IN 1] Designed for iPhone 13 Pro Max Case, [Crystal Clear Not Yellowing][with 2 Pcs Tempered Glass Screen Protectors &amp; 2 Pcs Camera Lens Protectors] Slim Thin Case-Clear",Buy it,5.0,"Perfect fit. If you‚Äôre looking for a slim, clear case this is the one you should definitely go with. It‚Äôs not flimsy like other cases I‚Äôve tried. Definitely worth it."
118,"SPIDERCASE [3 IN 1] Designed for iPhone 13 Pro Max Case, [Crystal Clear Not Yellowing][with 2 Pcs Tempered Glass Screen Protectors &amp; 2 Pcs Camera Lens Protectors] Slim Thin Case-Clear",Ok,5.0,Great timing
119,"SPIDERCASE [3 IN 1] Designed for iPhone 13 Pro Max Case, [Crystal Clear Not Yellowing][with 2 Pcs Tempered Glass Screen Protectors &amp; 2 Pcs Camera Lens Protectors] Slim Thin Case-Clear",Good quality,5.0,I already dropped my phone like 3 times and it didn‚Äôt break so this case is very good üëç!!!
120,"SPIDERCASE [3 IN 1] Designed for iPhone 13 Pro Max Case, [Crystal Clear Not Yellowing][with 2 Pcs Tempered Glass Screen Protectors &amp; 2 Pcs Camera Lens Protectors] Slim Thin Case-Clear",Llego en excelente condiciones,4.0,F√°cil de instalar a mi esposo le gusto mucho vamos ver cuanto dura
121,"SPIDERCASE [3 IN 1] Designed for iPhone 13 Pro Max Case, [Crystal Clear Not Yellowing][with 2 Pcs Tempered Glass Screen Protectors &amp; 2 Pcs Camera Lens Protectors] Slim Thin Case-Clear",Price is good,4.0,Good value for your money
122,"SPIDERCASE [3 IN 1] Designed for iPhone 13 Pro Max Case, [Crystal Clear Not Yellowing][with 2 Pcs Tempered Glass Screen Protectors &amp; 2 Pcs Camera Lens Protectors] Slim Thin Case-Clear",Worth every penny,5.0,Best value for your money
123,"SPIDERCASE [3 IN 1] Designed for iPhone 13 Pro Max Case, [Crystal Clear Not Yellowing][with 2 Pcs Tempered Glass Screen Protectors &amp; 2 Pcs Camera Lens Protectors] Slim Thin Case-Clear",It‚Äôs okay,5.0,It‚Äôs okay for short term uses
124,"SPIDERCASE [3 IN 1] Designed for iPhone 13 Pro Max Case, [Crystal Clear Not Yellowing][with 2 Pcs Tempered Glass Screen Protectors &amp; 2 Pcs Camera Lens Protectors] Slim Thin Case-Clear",Affordable and the best!,5.0,Best value for money!
125,"SPIDERCASE [3 IN 1] Designed for iPhone 13 Pro Max Case, [Crystal Clear Not Yellowing][with 2 Pcs Tempered Glass Screen Protectors &amp; 2 Pcs Camera Lens Protectors] Slim Thin Case-Clear",Nice,5.0,Easy to apply to phone. Haven't tested it out yet but seems durable!
126,"SPIDERCASE [3 IN 1] Designed for iPhone 13 Pro Max Case, [Crystal Clear Not Yellowing][with 2 Pcs Tempered Glass Screen Protectors &amp; 2 Pcs Camera Lens Protectors] Slim Thin Case-Clear",So cute and practical!,5.0,Really good quality and super stylish!
127,"SPIDERCASE [3 IN 1] Designed for iPhone 13 Pro Max Case, [Crystal Clear Not Yellowing][with 2 Pcs Tempered Glass Screen Protectors &amp; 2 Pcs Camera Lens Protectors] Slim Thin Case-Clear",Fits great,5.0,The case fit perfect and comes with two lens protectors as well as two screen protectors. Phone case is not slippery. All buttons are easy to push.
128,"SPIDERCASE [3 IN 1] Designed for iPhone 13 Pro Max Case, [Crystal Clear Not Yellowing][with 2 Pcs Tempered Glass Screen Protectors &amp; 2 Pcs Camera Lens Protectors] Slim Thin Case-Clear",Works great,5.0,Arrived on time and works well
129,"SPIDERCASE [3 IN 1] Designed for iPhone 13 Pro Max Case, [Crystal Clear Not Yellowing][with 2 Pcs Tempered Glass Screen Protectors &amp; 2 Pcs Camera Lens Protectors] Slim Thin Case-Clear",Quedo muy protegido mi tel√©fono y llego antes de tiempo,5.0,Me gusto que ten√≠a unas micas de reemplazo
130,"SPIDERCASE [3 IN 1] Designed for iPhone 13 Pro Max Case, [Crystal Clear Not Yellowing][with 2 Pcs Tempered Glass Screen Protectors &amp; 2 Pcs Camera Lens Protectors] Slim Thin Case-Clear",I'm happy with my purchase.,5.0,Everything fits my iPhone 13 pro max perfectly! I feel better knowing my phone is somewhat protected. I don't have any complaints at all and would recommend it. Pay attention in the description at what phone models these cases fit.
